sublinks,after_tld,processed_after_tld,title,description
https://leathertreasureshop.com/account,account,account,Account Leather Treasure Shop,None
https://leathertreasureshop.com/cart,cart,cart,Your Shopping Cart Leather Treasure Shop,None
https://leathertreasureshop.com/search,search,search,Search Leather Treasure Shop,We supply artisan crafter leatherworkers quality leather material Visit online store today
https://leathertreasureshop.com/collections,collections,collection,Collections Leather Treasure Shop,We supply artisan crafter leatherworkers quality leather material Visit online store today
https://leathertreasureshop.com,None,None,Quality Leather Material Leather Treasure Shop,We supply artisan crafter leatherworkers quality leather material Visit online store today
https://gummikoenig.de/cart,cart,cart,Dein Warenkorb Gummikönig Fishing Lures GmbH,None
https://gummikoenig.de,None,None,Gummikönig Dein Shop für Raubfischzubehör Gummikönig Fishing Lures GmbH,Gummikönig Dein Shop für Raubfischzubehör Wir bieten Dir unser volles Know im Kunstköderbereich Kaufe unseren Hunter Shad und Game Changer zum günstigen Preis oder erhalte Einblicke in Gummifischgießen und erfahre wie du Dir deinen eigenen Gummifisch gießen kannst Das Zubehör erhälst du bei in im Shop
https://gummikoenig.de,None,None,Gummikönig Dein Shop für Raubfischzubehör Gummikönig Fishing Lures GmbH,Gummikönig Dein Shop für Raubfischzubehör Wir bieten Dir unser volles Know im Kunstköderbereich Kaufe unseren Hunter Shad und Game Changer zum günstigen Preis oder erhalte Einblicke in Gummifischgießen und erfahre wie du Dir deinen eigenen Gummifisch gießen kannst Das Zubehör erhälst du bei in im Shop
https://gummikoenig.de,None,None,Gummikönig Dein Shop für Raubfischzubehör Gummikönig Fishing Lures GmbH,Gummikönig Dein Shop für Raubfischzubehör Wir bieten Dir unser volles Know im Kunstköderbereich Kaufe unseren Hunter Shad und Game Changer zum günstigen Preis oder erhalte Einblicke in Gummifischgießen und erfahre wie du Dir deinen eigenen Gummifisch gießen kannst Das Zubehör erhälst du bei in im Shop
https://gummikoenig.de,None,None,Gummikönig Dein Shop für Raubfischzubehör Gummikönig Fishing Lures GmbH,Gummikönig Dein Shop für Raubfischzubehör Wir bieten Dir unser volles Know im Kunstköderbereich Kaufe unseren Hunter Shad und Game Changer zum günstigen Preis oder erhalte Einblicke in Gummifischgießen und erfahre wie du Dir deinen eigenen Gummifisch gießen kannst Das Zubehör erhälst du bei in im Shop
https://sinnstein.com/cart,cart,cart,Dein Warenkorb SINNSTEIN,None
https://sinnstein.com/agb,agb,agb,None,None
https://sinnstein.com,None,None,Modedesign Atelier Berlin SINNSTEIN,Exclusive Jackets Blaser Jacken Kleider individuell entwickelte Accessoire und vieles mehr So einzigartig wie Ihre Persönlichkeit
https://sinnstein.com,None,None,Modedesign Atelier Berlin SINNSTEIN,Exclusive Jackets Blaser Jacken Kleider individuell entwickelte Accessoire und vieles mehr So einzigartig wie Ihre Persönlichkeit
https://sinnstein.com,None,None,Modedesign Atelier Berlin SINNSTEIN,Exclusive Jackets Blaser Jacken Kleider individuell entwickelte Accessoire und vieles mehr So einzigartig wie Ihre Persönlichkeit
https://sinnstein.com,None,None,Modedesign Atelier Berlin SINNSTEIN,Exclusive Jackets Blaser Jacken Kleider individuell entwickelte Accessoire und vieles mehr So einzigartig wie Ihre Persönlichkeit
https://afragin.com,None,None,AFRA NATURAL GIN,Entdecken Sie AFRA den handgemachten Natural Gin au Österreich
https://afragin.com,None,None,AFRA NATURAL GIN,Entdecken Sie AFRA den handgemachten Natural Gin au Österreich
https://afragin.com,None,None,AFRA NATURAL GIN,Entdecken Sie AFRA den handgemachten Natural Gin au Österreich
https://afragin.com,None,None,AFRA NATURAL GIN,Entdecken Sie AFRA den handgemachten Natural Gin au Österreich
https://afragin.com/cart,cart,cart,None,None
https://afragin.com/search,search,search,Suchen AFRA,Entdecken Sie AFRA den handgemachten Natural Gin au Österreich
https://afragin.com,None,None,AFRA NATURAL GIN,Entdecken Sie AFRA den handgemachten Natural Gin au Österreich
https://afragin.com,None,None,AFRA NATURAL GIN,Entdecken Sie AFRA den handgemachten Natural Gin au Österreich
https://afragin.com,None,None,AFRA NATURAL GIN,Entdecken Sie AFRA den handgemachten Natural Gin au Österreich
https://afragin.com,None,None,AFRA NATURAL GIN,Entdecken Sie AFRA den handgemachten Natural Gin au Österreich
https://afragin.com/account,account,account,Konto AFRA,Entdecken Sie AFRA den handgemachten Natural Gin au Österreich
https://afragin.com,None,None,AFRA NATURAL GIN,Entdecken Sie AFRA den handgemachten Natural Gin au Österreich
https://afragin.com,None,None,AFRA NATURAL GIN,Entdecken Sie AFRA den handgemachten Natural Gin au Österreich
https://afragin.com,None,None,AFRA NATURAL GIN,Entdecken Sie AFRA den handgemachten Natural Gin au Österreich
https://afragin.com,None,None,AFRA NATURAL GIN,Entdecken Sie AFRA den handgemachten Natural Gin au Österreich
https://afragin.com,None,None,AFRA NATURAL GIN,Entdecken Sie AFRA den handgemachten Natural Gin au Österreich
https://afragin.com,None,None,AFRA NATURAL GIN,Entdecken Sie AFRA den handgemachten Natural Gin au Österreich
https://afragin.com,None,None,AFRA NATURAL GIN,Entdecken Sie AFRA den handgemachten Natural Gin au Österreich
https://afragin.com,None,None,AFRA NATURAL GIN,Entdecken Sie AFRA den handgemachten Natural Gin au Österreich
https://pricewhack.com/cart,cart,cart,Your Shopping Cart Price Whack,The hottest electronics whacked price Get incredible saving wide selection product Tablets headphone smart home tech gaming console amp TV device We always adding
https://pricewhack.com,None,None,Latest Gadgets Tablets Headphones Price Whack,The hottest electronics whacked price Get incredible saving wide selection product Tablets headphone smart home tech gaming console amp TV device We always adding
https://pricewhack.com,None,None,Latest Gadgets Tablets Headphones Price Whack,The hottest electronics whacked price Get incredible saving wide selection product Tablets headphone smart home tech gaming console amp TV device We always adding
https://pricewhack.com,None,None,Latest Gadgets Tablets Headphones Price Whack,The hottest electronics whacked price Get incredible saving wide selection product Tablets headphone smart home tech gaming console amp TV device We always adding
https://pricewhack.com/checkout,checkout,checkout,Checkout Price Whack,None
https://pricewhack.com,None,None,Latest Gadgets Tablets Headphones Price Whack,The hottest electronics whacked price Get incredible saving wide selection product Tablets headphone smart home tech gaming console amp TV device We always adding
https://pricewhack.com,None,None,Latest Gadgets Tablets Headphones Price Whack,The hottest electronics whacked price Get incredible saving wide selection product Tablets headphone smart home tech gaming console amp TV device We always adding
https://pricewhack.com,None,None,Latest Gadgets Tablets Headphones Price Whack,The hottest electronics whacked price Get incredible saving wide selection product Tablets headphone smart home tech gaming console amp TV device We always adding
https://pricewhack.com,None,None,Latest Gadgets Tablets Headphones Price Whack,The hottest electronics whacked price Get incredible saving wide selection product Tablets headphone smart home tech gaming console amp TV device We always adding
https://pricewhack.com,None,None,Latest Gadgets Tablets Headphones Price Whack,The hottest electronics whacked price Get incredible saving wide selection product Tablets headphone smart home tech gaming console amp TV device We always adding
https://pricewhack.com,None,None,Latest Gadgets Tablets Headphones Price Whack,The hottest electronics whacked price Get incredible saving wide selection product Tablets headphone smart home tech gaming console amp TV device We always adding
https://shopglean.com,None,None,Glean Artisanal Bath Body Products Glean Bath Body,All natural ethically sourced soap bath bomb unique gift accessory made care Columbus Ohio
https://shopglean.com,None,None,Glean Artisanal Bath Body Products Glean Bath Body,All natural ethically sourced soap bath bomb unique gift accessory made care Columbus Ohio
https://shopglean.com,None,None,Glean Artisanal Bath Body Products Glean Bath Body,All natural ethically sourced soap bath bomb unique gift accessory made care Columbus Ohio
https://shopglean.com,None,None,Glean Artisanal Bath Body Products Glean Bath Body,All natural ethically sourced soap bath bomb unique gift accessory made care Columbus Ohio
https://shopglean.com,None,None,Glean Artisanal Bath Body Products Glean Bath Body,All natural ethically sourced soap bath bomb unique gift accessory made care Columbus Ohio
https://shopglean.com,None,None,Glean Artisanal Bath Body Products Glean Bath Body,All natural ethically sourced soap bath bomb unique gift accessory made care Columbus Ohio
https://shopglean.com,None,None,Glean Artisanal Bath Body Products Glean Bath Body,All natural ethically sourced soap bath bomb unique gift accessory made care Columbus Ohio
https://shopglean.com,None,None,Glean Artisanal Bath Body Products Glean Bath Body,All natural ethically sourced soap bath bomb unique gift accessory made care Columbus Ohio
https://shopglean.com,None,None,Glean Artisanal Bath Body Products Glean Bath Body,All natural ethically sourced soap bath bomb unique gift accessory made care Columbus Ohio
https://shopglean.com/cart,cart,cart,Your Shopping Cart Glean Bath Body,None
https://shopglean.com/search,search,search,Search Glean Bath Body,All natural ethically sourced soap bath bomb unique gift accessory made care Columbus Ohio
https://shopglean.com,None,None,Glean Artisanal Bath Body Products Glean Bath Body,All natural ethically sourced soap bath bomb unique gift accessory made care Columbus Ohio
https://shopglean.com,None,None,Glean Artisanal Bath Body Products Glean Bath Body,All natural ethically sourced soap bath bomb unique gift accessory made care Columbus Ohio
https://shopglean.com,None,None,Glean Artisanal Bath Body Products Glean Bath Body,All natural ethically sourced soap bath bomb unique gift accessory made care Columbus Ohio
https://shopglean.com,None,None,Glean Artisanal Bath Body Products Glean Bath Body,All natural ethically sourced soap bath bomb unique gift accessory made care Columbus Ohio
https://shopglean.com,None,None,Glean Artisanal Bath Body Products Glean Bath Body,All natural ethically sourced soap bath bomb unique gift accessory made care Columbus Ohio
https://shopglean.com,None,None,Glean Artisanal Bath Body Products Glean Bath Body,All natural ethically sourced soap bath bomb unique gift accessory made care Columbus Ohio
https://shopglean.com,None,None,Glean Artisanal Bath Body Products Glean Bath Body,All natural ethically sourced soap bath bomb unique gift accessory made care Columbus Ohio
https://shopglean.com,None,None,Glean Artisanal Bath Body Products Glean Bath Body,All natural ethically sourced soap bath bomb unique gift accessory made care Columbus Ohio
https://shopglean.com,None,None,Glean Artisanal Bath Body Products Glean Bath Body,All natural ethically sourced soap bath bomb unique gift accessory made care Columbus Ohio
https://shopglean.com/collections,collections,collection,Collections Glean Bath Body,All natural ethically sourced soap bath bomb unique gift accessory made care Columbus Ohio
https://shopglean.com,None,None,Glean Artisanal Bath Body Products Glean Bath Body,All natural ethically sourced soap bath bomb unique gift accessory made care Columbus Ohio
https://shopglean.com,None,None,Glean Artisanal Bath Body Products Glean Bath Body,All natural ethically sourced soap bath bomb unique gift accessory made care Columbus Ohio
https://shopglean.com,None,None,Glean Artisanal Bath Body Products Glean Bath Body,All natural ethically sourced soap bath bomb unique gift accessory made care Columbus Ohio
https://shopglean.com,None,None,Glean Artisanal Bath Body Products Glean Bath Body,All natural ethically sourced soap bath bomb unique gift accessory made care Columbus Ohio
https://shopglean.com,None,None,Glean Artisanal Bath Body Products Glean Bath Body,All natural ethically sourced soap bath bomb unique gift accessory made care Columbus Ohio
https://shopglean.com,None,None,Glean Artisanal Bath Body Products Glean Bath Body,All natural ethically sourced soap bath bomb unique gift accessory made care Columbus Ohio
https://shopglean.com,None,None,Glean Artisanal Bath Body Products Glean Bath Body,All natural ethically sourced soap bath bomb unique gift accessory made care Columbus Ohio
https://shopglean.com,None,None,Glean Artisanal Bath Body Products Glean Bath Body,All natural ethically sourced soap bath bomb unique gift accessory made care Columbus Ohio
https://shopglean.com,None,None,Glean Artisanal Bath Body Products Glean Bath Body,All natural ethically sourced soap bath bomb unique gift accessory made care Columbus Ohio
https://shopglean.com,None,None,Glean Artisanal Bath Body Products Glean Bath Body,All natural ethically sourced soap bath bomb unique gift accessory made care Columbus Ohio
https://shopglean.com,None,None,Glean Artisanal Bath Body Products Glean Bath Body,All natural ethically sourced soap bath bomb unique gift accessory made care Columbus Ohio
https://shopglean.com,None,None,Glean Artisanal Bath Body Products Glean Bath Body,All natural ethically sourced soap bath bomb unique gift accessory made care Columbus Ohio
https://shopglean.com,None,None,Glean Artisanal Bath Body Products Glean Bath Body,All natural ethically sourced soap bath bomb unique gift accessory made care Columbus Ohio
https://shopglean.com,None,None,Glean Artisanal Bath Body Products Glean Bath Body,All natural ethically sourced soap bath bomb unique gift accessory made care Columbus Ohio
https://shopglean.com,None,None,Glean Artisanal Bath Body Products Glean Bath Body,All natural ethically sourced soap bath bomb unique gift accessory made care Columbus Ohio
https://shopglean.com,None,None,Glean Artisanal Bath Body Products Glean Bath Body,All natural ethically sourced soap bath bomb unique gift accessory made care Columbus Ohio
https://shopglean.com,None,None,Glean Artisanal Bath Body Products Glean Bath Body,All natural ethically sourced soap bath bomb unique gift accessory made care Columbus Ohio
https://shopglean.com,None,None,Glean Artisanal Bath Body Products Glean Bath Body,All natural ethically sourced soap bath bomb unique gift accessory made care Columbus Ohio
https://shopglean.com,None,None,Glean Artisanal Bath Body Products Glean Bath Body,All natural ethically sourced soap bath bomb unique gift accessory made care Columbus Ohio
https://shopglean.com,None,None,Glean Artisanal Bath Body Products Glean Bath Body,All natural ethically sourced soap bath bomb unique gift accessory made care Columbus Ohio
https://shopglean.com,None,None,Glean Artisanal Bath Body Products Glean Bath Body,All natural ethically sourced soap bath bomb unique gift accessory made care Columbus Ohio
https://shopglean.com,None,None,Glean Artisanal Bath Body Products Glean Bath Body,All natural ethically sourced soap bath bomb unique gift accessory made care Columbus Ohio
https://shopglean.com,None,None,Glean Artisanal Bath Body Products Glean Bath Body,All natural ethically sourced soap bath bomb unique gift accessory made care Columbus Ohio
https://shopglean.com,None,None,Glean Artisanal Bath Body Products Glean Bath Body,All natural ethically sourced soap bath bomb unique gift accessory made care Columbus Ohio
https://shopglean.com,None,None,Glean Artisanal Bath Body Products Glean Bath Body,All natural ethically sourced soap bath bomb unique gift accessory made care Columbus Ohio
https://shopglean.com,None,None,Glean Artisanal Bath Body Products Glean Bath Body,All natural ethically sourced soap bath bomb unique gift accessory made care Columbus Ohio
https://shopglean.com,None,None,Glean Artisanal Bath Body Products Glean Bath Body,All natural ethically sourced soap bath bomb unique gift accessory made care Columbus Ohio
https://shopglean.com,None,None,Glean Artisanal Bath Body Products Glean Bath Body,All natural ethically sourced soap bath bomb unique gift accessory made care Columbus Ohio
https://shopglean.com,None,None,Glean Artisanal Bath Body Products Glean Bath Body,All natural ethically sourced soap bath bomb unique gift accessory made care Columbus Ohio
https://shopglean.com,None,None,Glean Artisanal Bath Body Products Glean Bath Body,All natural ethically sourced soap bath bomb unique gift accessory made care Columbus Ohio
https://shopglean.com,None,None,Glean Artisanal Bath Body Products Glean Bath Body,All natural ethically sourced soap bath bomb unique gift accessory made care Columbus Ohio
https://shopglean.com,None,None,Glean Artisanal Bath Body Products Glean Bath Body,All natural ethically sourced soap bath bomb unique gift accessory made care Columbus Ohio
https://shopglean.com,None,None,Glean Artisanal Bath Body Products Glean Bath Body,All natural ethically sourced soap bath bomb unique gift accessory made care Columbus Ohio
https://shopglean.com,None,None,Glean Artisanal Bath Body Products Glean Bath Body,All natural ethically sourced soap bath bomb unique gift accessory made care Columbus Ohio
https://shopglean.com,None,None,Glean Artisanal Bath Body Products Glean Bath Body,All natural ethically sourced soap bath bomb unique gift accessory made care Columbus Ohio
https://shopglean.com,None,None,Glean Artisanal Bath Body Products Glean Bath Body,All natural ethically sourced soap bath bomb unique gift accessory made care Columbus Ohio
https://shopglean.com,None,None,Glean Artisanal Bath Body Products Glean Bath Body,All natural ethically sourced soap bath bomb unique gift accessory made care Columbus Ohio
https://shopglean.com,None,None,Glean Artisanal Bath Body Products Glean Bath Body,All natural ethically sourced soap bath bomb unique gift accessory made care Columbus Ohio
https://shopglean.com,None,None,Glean Artisanal Bath Body Products Glean Bath Body,All natural ethically sourced soap bath bomb unique gift accessory made care Columbus Ohio
https://shopglean.com,None,None,Glean Artisanal Bath Body Products Glean Bath Body,All natural ethically sourced soap bath bomb unique gift accessory made care Columbus Ohio
https://shopglean.com,None,None,Glean Artisanal Bath Body Products Glean Bath Body,All natural ethically sourced soap bath bomb unique gift accessory made care Columbus Ohio
https://shopglean.com,None,None,Glean Artisanal Bath Body Products Glean Bath Body,All natural ethically sourced soap bath bomb unique gift accessory made care Columbus Ohio
https://shopglean.com,None,None,Glean Artisanal Bath Body Products Glean Bath Body,All natural ethically sourced soap bath bomb unique gift accessory made care Columbus Ohio
https://shopglean.com,None,None,Glean Artisanal Bath Body Products Glean Bath Body,All natural ethically sourced soap bath bomb unique gift accessory made care Columbus Ohio
https://shopglean.com,None,None,Glean Artisanal Bath Body Products Glean Bath Body,All natural ethically sourced soap bath bomb unique gift accessory made care Columbus Ohio
https://shopglean.com,None,None,Glean Artisanal Bath Body Products Glean Bath Body,All natural ethically sourced soap bath bomb unique gift accessory made care Columbus Ohio
https://shopglean.com,None,None,Glean Artisanal Bath Body Products Glean Bath Body,All natural ethically sourced soap bath bomb unique gift accessory made care Columbus Ohio
https://shopglean.com,None,None,Glean Artisanal Bath Body Products Glean Bath Body,All natural ethically sourced soap bath bomb unique gift accessory made care Columbus Ohio
https://shopglean.com,None,None,Glean Artisanal Bath Body Products Glean Bath Body,All natural ethically sourced soap bath bomb unique gift accessory made care Columbus Ohio
https://shopglean.com,None,None,Glean Artisanal Bath Body Products Glean Bath Body,All natural ethically sourced soap bath bomb unique gift accessory made care Columbus Ohio
https://shopglean.com,None,None,Glean Artisanal Bath Body Products Glean Bath Body,All natural ethically sourced soap bath bomb unique gift accessory made care Columbus Ohio
https://shopglean.com,None,None,Glean Artisanal Bath Body Products Glean Bath Body,All natural ethically sourced soap bath bomb unique gift accessory made care Columbus Ohio
https://shopglean.com,None,None,Glean Artisanal Bath Body Products Glean Bath Body,All natural ethically sourced soap bath bomb unique gift accessory made care Columbus Ohio
https://shopglean.com,None,None,Glean Artisanal Bath Body Products Glean Bath Body,All natural ethically sourced soap bath bomb unique gift accessory made care Columbus Ohio
https://shopglean.com,None,None,Glean Artisanal Bath Body Products Glean Bath Body,All natural ethically sourced soap bath bomb unique gift accessory made care Columbus Ohio
https://shopglean.com,None,None,Glean Artisanal Bath Body Products Glean Bath Body,All natural ethically sourced soap bath bomb unique gift accessory made care Columbus Ohio
https://shopglean.com,None,None,Glean Artisanal Bath Body Products Glean Bath Body,All natural ethically sourced soap bath bomb unique gift accessory made care Columbus Ohio
https://shopglean.com,None,None,Glean Artisanal Bath Body Products Glean Bath Body,All natural ethically sourced soap bath bomb unique gift accessory made care Columbus Ohio
https://shopglean.com,None,None,Glean Artisanal Bath Body Products Glean Bath Body,All natural ethically sourced soap bath bomb unique gift accessory made care Columbus Ohio
https://shopglean.com,None,None,Glean Artisanal Bath Body Products Glean Bath Body,All natural ethically sourced soap bath bomb unique gift accessory made care Columbus Ohio
https://shopglean.com,None,None,Glean Artisanal Bath Body Products Glean Bath Body,All natural ethically sourced soap bath bomb unique gift accessory made care Columbus Ohio
https://shopglean.com,None,None,Glean Artisanal Bath Body Products Glean Bath Body,All natural ethically sourced soap bath bomb unique gift accessory made care Columbus Ohio
https://shopglean.com,None,None,Glean Artisanal Bath Body Products Glean Bath Body,All natural ethically sourced soap bath bomb unique gift accessory made care Columbus Ohio
https://fauxynaturalhaircare.com/search,search,search,Search Fauxy Natural Hair Care,None
https://fauxynaturalhaircare.com,None,None,Fauxy Natural Hair Care,None
https://fauxynaturalhaircare.com,None,None,Fauxy Natural Hair Care,None
https://fauxynaturalhaircare.com/cart,cart,cart,Your Shopping Cart Fauxy Natural Hair Care,None
https://fauxynaturalhaircare.com,None,None,Fauxy Natural Hair Care,None
https://fauxynaturalhaircare.com,None,None,Fauxy Natural Hair Care,None
https://anna-goodman.com/cart,cart,cart,Your Shopping Cart Anna Goodman Active Life Wear,None
https://anna-goodman.com/account,account,account,Account Anna Goodman Active Life Wear,None
https://anna-goodman.com,None,None,Anna Goodman Chakra Clothing Store Anna Goodman Active Life Wear,Discover unique empowering chakra inspired ensemble Anna Goodman go chakra clothing store Explore Chakras Yoga Collection featuring cardigan top pant bandana Elevate wardrobe power chakras Shop confidently secure payment free delivery
https://anna-goodman.com,None,None,Anna Goodman Chakra Clothing Store Anna Goodman Active Life Wear,Discover unique empowering chakra inspired ensemble Anna Goodman go chakra clothing store Explore Chakras Yoga Collection featuring cardigan top pant bandana Elevate wardrobe power chakras Shop confidently secure payment free delivery
https://anna-goodman.com/search,search,search,Search Anna Goodman Active Life Wear,Discover unique empowering chakra inspired ensemble Anna Goodman go chakra clothing store Explore Chakras Yoga Collection featuring cardigan top pant bandana Elevate wardrobe power chakras Shop confidently secure payment free delivery
https://anna-goodman.com/collections,collections,collection,Collections Anna Goodman Active Life Wear,Discover unique empowering chakra inspired ensemble Anna Goodman go chakra clothing store Explore Chakras Yoga Collection featuring cardigan top pant bandana Elevate wardrobe power chakras Shop confidently secure payment free delivery
https://anna-goodman.com,None,None,Anna Goodman Chakra Clothing Store Anna Goodman Active Life Wear,Discover unique empowering chakra inspired ensemble Anna Goodman go chakra clothing store Explore Chakras Yoga Collection featuring cardigan top pant bandana Elevate wardrobe power chakras Shop confidently secure payment free delivery
https://anna-goodman.com,None,None,Anna Goodman Chakra Clothing Store Anna Goodman Active Life Wear,Discover unique empowering chakra inspired ensemble Anna Goodman go chakra clothing store Explore Chakras Yoga Collection featuring cardigan top pant bandana Elevate wardrobe power chakras Shop confidently secure payment free delivery
https://nataliehuggins.com/events-media,events media,event medium,Store Natalie Huggins,None
https://nataliehuggins.com/events-1,events,event,Performances Natalie Huggins,None
https://nataliehuggins.com/yoga-classes-workshops,yoga classes workshops,yoga class workshop,General Natalie Huggins,None
https://nataliehuggins.com/yoga,yoga,yoga,Yoga Movement Natalie Huggins,None
